p0_deberta-v3-large,p1_deberta-v3-large
0.48472068,0.51527935
0.48681873,0.5131812
0.48232335,0.51767665
0.4892408,0.5107592
0.4862875,0.51371247
